motif_id	motif_alt_id	sequence_name	start	stop	strand	score	p-value	q-value	matched_sequence
MA0386.2	SPT15	G2432_upstream_500bp	11	21	+	16.5644	4.51e-07	0.0679	GGTATATATAT
MA0386.2	SPT15	G5836_upstream_500bp	42	52	-	16.5644	4.51e-07	0.0679	GGTATATATAT
MA0386.2	SPT15	G4116_upstream_500bp	134	144	+	16.5644	4.51e-07	0.0679	GGTATATATAT
MA0386.2	SPT15	G1797_upstream_500bp	170	180	+	16.396	9.99e-07	0.0679	GATATATATAT
MA0386.2	SPT15	G1213_upstream_500bp	194	204	+	16.396	9.99e-07	0.0679	GATATATATAT
MA0386.2	SPT15	G5425_upstream_500bp	241	251	+	16.396	9.99e-07	0.0679	GATATATATAT
MA0386.2	SPT15	G1013_upstream_500bp	271	281	-	16.396	9.99e-07	0.0679	GATATATATAT
MA0386.2	SPT15	G1508_upstream_500bp	297	307	+	16.396	9.99e-07	0.0679	GATATATATAT
MA0386.2	SPT15	G3835_upstream_500bp	321	331	-	16.396	9.99e-07	0.0679	GATATATATAT
MA0386.2	SPT15	G1509_upstream_500bp	405	415	-	16.396	9.99e-07	0.0679	GATATATATAT
MA0386.2	SPT15	G2906_upstream_500bp	426	436	+	16.396	9.99e-07	0.0679	GATATATATAT
MA0386.2	SPT15	G2187_upstream_500bp	467	477	+	16.396	9.99e-07	0.0679	GATATATATAT
MA0386.2	SPT15	G5836_upstream_500bp	39	49	+	16.1782	1.55e-06	0.0679	GTTATATATAT
MA0386.2	SPT15	G5450_upstream_500bp	228	238	-	16.1782	1.55e-06	0.0679	GTTATATATAT
MA0386.2	SPT15	G3902_upstream_500bp	464	474	+	16.1782	1.55e-06	0.0679	GTTATATATAT
MA0386.2	SPT15	G1094_upstream_500bp	30	40	-	16.1386	2e-06	0.0679	GCTATATATAT
MA0386.2	SPT15	G683_upstream_500bp	63	73	+	16.1386	2e-06	0.0679	GCTATATATAT
MA0386.2	SPT15	G1093_upstream_500bp	243	253	+	16.1386	2e-06	0.0679	GCTATATATAT
MA0386.2	SPT15	G812_upstream_500bp	180	190	+	15.8911	2.45e-06	0.0679	GGAATATATAT
MA0386.2	SPT15	G4200_upstream_500bp	217	227	+	15.8911	2.45e-06	0.0679	GGAATATATAT
MA0386.2	SPT15	G5991_upstream_500bp	469	479	-	15.8911	2.45e-06	0.0679	GGAATATATAT
MA0386.2	SPT15	G2252_upstream_500bp	215	225	+	15.7228	3e-06	0.0679	GAAATATATAT
MA0386.2	SPT15	G3835_upstream_500bp	318	328	+	15.7228	3e-06	0.0679	GAAATATATAT
MA0386.2	SPT15	G769_upstream_500bp	345	355	+	15.7228	3e-06	0.0679	GAAATATATAT
MA0386.2	SPT15	G5142_upstream_500bp	364	374	-	15.7228	3e-06	0.0679	GAAATATATAT
MA0386.2	SPT15	G5959_upstream_500bp	396	406	+	15.7228	3e-06	0.0679	GAAATATATAT
MA0386.2	SPT15	G5542_upstream_500bp	457	467	+	15.7228	3e-06	0.0679	GAAATATATAT
MA0386.2	SPT15	G5143_upstream_500bp	482	492	+	15.7228	3e-06	0.0679	GAAATATATAT
MA0386.2	SPT15	G3471_upstream_500bp	98	108	+	15.505	3.55e-06	0.0679	GTAATATATAT
MA0386.2	SPT15	G2251_upstream_500bp	364	374	+	15.505	3.55e-06	0.0679	GTAATATATAT
MA0386.2	SPT15	G5045_upstream_500bp	69	79	+	15.4653	4e-06	0.0679	GCAATATATAT
MA0386.2	SPT15	G873_upstream_500bp	238	248	-	15.4653	4e-06	0.0679	GCAATATATAT
MA0386.2	SPT15	G3998_upstream_500bp	270	280	-	14.7426	4.45e-06	0.0679	GGTATATATAA
MA0386.2	SPT15	G1933_upstream_500bp	331	341	+	14.7426	4.45e-06	0.0679	GGTATATATAA
MA0386.2	SPT15	G1628_upstream_500bp	381	391	+	14.7426	4.45e-06	0.0679	GGTATATATAA
MA0386.2	SPT15	G2568_upstream_500bp	107	117	-	14.5842	4.82e-06	0.0679	GGCATATATAT
MA0386.2	SPT15	G1773_upstream_500bp	296	306	-	14.5842	4.82e-06	0.0679	GGCATATATAT
MA0386.2	SPT15	G622_upstream_500bp	201	211	+	14.5743	5.37e-06	0.0679	GATATATATAA
MA0386.2	SPT15	G1284_upstream_500bp	24	34	+	14.4158	5.82e-06	0.0679	GACATATATAT
MA0386.2	SPT15	G2496_upstream_500bp	104	114	-	14.4158	5.82e-06	0.0679	GACATATATAT
MA0386.2	SPT15	G2052_upstream_500bp	170	180	+	14.4158	5.82e-06	0.0679	GACATATATAT
MA0386.2	SPT15	G1283_upstream_500bp	321	331	-	14.4158	5.82e-06	0.0679	GACATATATAT
MA0386.2	SPT15	G4393_upstream_500bp	234	244	+	14.3168	6.82e-06	0.0679	GCTATATATAA
MA0386.2	SPT15	G4018_upstream_500bp	470	480	-	14.3168	6.82e-06	0.0679	GCTATATATAA
MA0386.2	SPT15	G1377_upstream_500bp	230	240	+	14.198	7.27e-06	0.0679	GTCATATATAT
MA0386.2	SPT15	G2018_upstream_500bp	403	413	+	14.0693	8.09e-06	0.0679	GGAATATATAA
MA0386.2	SPT15	G3702_upstream_500bp	467	477	-	14.0693	8.09e-06	0.0679	GGAATATATAA
MA0386.2	SPT15	G3329_upstream_500bp	238	248	+	14.0495	8.46e-06	0.0679	GGTATATATAG
MA0386.2	SPT15	G3934_upstream_500bp	264	274	-	14.0495	8.46e-06	0.0679	GGTATATATAG
MA0386.2	SPT15	G1236_upstream_500bp	130	140	-	13.901	9.01e-06	0.0679	GAAATATATAA
MA0386.2	SPT15	G930_upstream_500bp	153	163	+	13.901	9.01e-06	0.0679	GAAATATATAA
MA0386.2	SPT15	G2229_upstream_500bp	204	214	+	13.901	9.01e-06	0.0679	GAAATATATAA
MA0386.2	SPT15	G5657_upstream_500bp	257	267	+	13.901	9.01e-06	0.0679	GAAATATATAA
MA0386.2	SPT15	G1455_upstream_500bp	318	328	+	13.901	9.01e-06	0.0679	GAAATATATAA
MA0386.2	SPT15	G1345_upstream_500bp	309	319	-	13.901	9.01e-06	0.0679	GAAATATATAA
MA0386.2	SPT15	G5658_upstream_500bp	420	430	-	13.901	9.01e-06	0.0679	GAAATATATAA
MA0386.2	SPT15	G4522_upstream_500bp	475	485	+	13.901	9.01e-06	0.0679	GAAATATATAA
MA0386.2	SPT15	G5187_upstream_500bp	369	379	+	13.8812	9.46e-06	0.0679	GATATATATAG
MA0386.2	SPT15	G1869_upstream_500bp	300	310	+	13.7228	9.91e-06	0.0679	CGTATATATAT
MA0386.2	SPT15	G2489_upstream_500bp	220	230	-	13.6832	1.05e-05	0.0679	GTAATATATAA
MA0386.2	SPT15	G3782_upstream_500bp	343	353	-	13.6832	1.05e-05	0.0679	GTAATATATAA
MA0386.2	SPT15	G2974_upstream_500bp	34	44	+	13.6733	1.1e-05	0.0679	AGTATATATAT
MA0386.2	SPT15	G4689_upstream_500bp	150	160	-	13.6733	1.1e-05	0.0679	AGTATATATAT
MA0386.2	SPT15	G1013_upstream_500bp	268	278	+	13.6733	1.1e-05	0.0679	AGTATATATAT
MA0386.2	SPT15	G3271_upstream_500bp	307	317	+	13.6733	1.1e-05	0.0679	AGTATATATAT
MA0386.2	SPT15	G1057_upstream_500bp	359	369	-	13.6733	1.1e-05	0.0679	AGTATATATAT
MA0386.2	SPT15	G2251_upstream_500bp	367	377	-	13.6733	1.1e-05	0.0679	AGTATATATAT
MA0386.2	SPT15	G3886_upstream_500bp	424	434	-	13.6733	1.1e-05	0.0679	AGTATATATAT
MA0386.2	SPT15	G3994_upstream_500bp	427	437	-	13.6733	1.1e-05	0.0679	AGTATATATAT
MA0386.2	SPT15	G4708_upstream_500bp	463	473	+	13.6733	1.1e-05	0.0679	AGTATATATAT
MA0386.2	SPT15	G5991_upstream_500bp	466	476	+	13.6733	1.1e-05	0.0679	AGTATATATAT
MA0386.2	SPT15	G4393_upstream_500bp	235	245	-	13.6634	1.15e-05	0.0679	GTTATATATAG
MA0386.2	SPT15	G1284_upstream_500bp	26	36	+	13.5545	1.28e-05	0.0679	CATATATATAT
MA0386.2	SPT15	G1284_upstream_500bp	27	37	-	13.5545	1.28e-05	0.0679	CATATATATAT
MA0386.2	SPT15	G556_upstream_500bp	174	184	+	13.5545	1.28e-05	0.0679	CATATATATAT
MA0386.2	SPT15	G1939_upstream_500bp	220	230	-	13.5545	1.28e-05	0.0679	CATATATATAT
MA0386.2	SPT15	G5425_upstream_500bp	242	252	-	13.5545	1.28e-05	0.0679	CATATATATAT
MA0386.2	SPT15	G1283_upstream_500bp	318	328	+	13.5545	1.28e-05	0.0679	CATATATATAT
MA0386.2	SPT15	G1283_upstream_500bp	319	329	-	13.5545	1.28e-05	0.0679	CATATATATAT
MA0386.2	SPT15	G5329_upstream_500bp	388	398	-	13.5545	1.28e-05	0.0679	CATATATATAT
MA0386.2	SPT15	G4252_upstream_500bp	400	410	+	13.5545	1.28e-05	0.0679	CATATATATAT
MA0386.2	SPT15	G101_upstream_500bp	410	420	+	13.5545	1.28e-05	0.0679	CATATATATAT
MA0386.2	SPT15	G5959_upstream_500bp	423	433	-	13.5545	1.28e-05	0.0679	CATATATATAT
MA0386.2	SPT15	G2906_upstream_500bp	427	437	-	13.5545	1.28e-05	0.0679	CATATATATAT
MA0386.2	SPT15	G4837_upstream_500bp	457	467	+	13.5545	1.28e-05	0.0679	CATATATATAT
MA0386.2	SPT15	G2520_upstream_500bp	462	472	+	13.5545	1.28e-05	0.0679	CATATATATAT
MA0386.2	SPT15	G4220_upstream_500bp	469	479	+	13.5545	1.28e-05	0.0679	CATATATATAT
MA0386.2	SPT15	G3208_upstream_500bp	462	472	-	13.5545	1.28e-05	0.0679	CATATATATAT
MA0386.2	SPT15	G6004_upstream_500bp	479	489	-	13.5545	1.28e-05	0.0679	CATATATATAT
MA0386.2	SPT15	G664_upstream_500bp	12	22	+	13.505	1.35e-05	0.0679	AATATATATAT
MA0386.2	SPT15	G664_upstream_500bp	13	23	-	13.505	1.35e-05	0.0679	AATATATATAT
MA0386.2	SPT15	G1461_upstream_500bp	169	179	-	13.505	1.35e-05	0.0679	AATATATATAT
MA0386.2	SPT15	G1797_upstream_500bp	171	181	-	13.505	1.35e-05	0.0679	AATATATATAT
MA0386.2	SPT15	G3959_upstream_500bp	181	191	+	13.505	1.35e-05	0.0679	AATATATATAT
MA0386.2	SPT15	G556_upstream_500bp	181	191	-	13.505	1.35e-05	0.0679	AATATATATAT
MA0386.2	SPT15	G3959_upstream_500bp	188	198	-	13.505	1.35e-05	0.0679	AATATATATAT
MA0386.2	SPT15	G5764_upstream_500bp	280	290	+	13.505	1.35e-05	0.0679	AATATATATAT
MA0386.2	SPT15	G5764_upstream_500bp	281	291	-	13.505	1.35e-05	0.0679	AATATATATAT
MA0386.2	SPT15	G3835_upstream_500bp	320	330	+	13.505	1.35e-05	0.0679	AATATATATAT
MA0386.2	SPT15	G5329_upstream_500bp	387	397	+	13.505	1.35e-05	0.0679	AATATATATAT
MA0386.2	SPT15	G5959_upstream_500bp	398	408	+	13.505	1.35e-05	0.0679	AATATATATAT
MA0386.2	SPT15	G4118_upstream_500bp	409	419	+	13.505	1.35e-05	0.0679	AATATATATAT
MA0386.2	SPT15	G4252_upstream_500bp	401	411	-	13.505	1.35e-05	0.0679	AATATATATAT
MA0386.2	SPT15	G101_upstream_500bp	411	421	-	13.505	1.35e-05	0.0679	AATATATATAT
MA0386.2	SPT15	G476_upstream_500bp	439	449	+	13.505	1.35e-05	0.0679	AATATATATAT
MA0386.2	SPT15	G5990_upstream_500bp	458	468	+	13.505	1.35e-05	0.0679	AATATATATAT
MA0386.2	SPT15	G476_upstream_500bp	448	458	-	13.505	1.35e-05	0.0679	AATATATATAT
MA0386.2	SPT15	G5542_upstream_500bp	459	469	+	13.505	1.35e-05	0.0679	AATATATATAT
MA0386.2	SPT15	G3208_upstream_500bp	461	471	+	13.505	1.35e-05	0.0679	AATATATATAT
MA0386.2	SPT15	G6004_upstream_500bp	464	474	+	13.505	1.35e-05	0.0679	AATATATATAT
MA0386.2	SPT15	G4506_upstream_500bp	465	475	+	13.505	1.35e-05	0.0679	AATATATATAT
MA0386.2	SPT15	G5990_upstream_500bp	459	469	-	13.505	1.35e-05	0.0679	AATATATATAT
MA0386.2	SPT15	G5542_upstream_500bp	464	474	-	13.505	1.35e-05	0.0679	AATATATATAT
MA0386.2	SPT15	G4837_upstream_500bp	466	476	-	13.505	1.35e-05	0.0679	AATATATATAT
MA0386.2	SPT15	G4506_upstream_500bp	470	480	-	13.505	1.35e-05	0.0679	AATATATATAT
MA0386.2	SPT15	G4220_upstream_500bp	482	492	-	13.505	1.35e-05	0.0679	AATATATATAT
MA0386.2	SPT15	G1184_upstream_500bp	121	131	-	13.4455	1.39e-05	0.0679	GGTATATATAC
MA0386.2	SPT15	G5660_upstream_500bp	324	334	+	13.4455	1.39e-05	0.0679	GGTATATATAC
MA0386.2	SPT15	G4805_upstream_500bp	193	203	-	13.3366	1.48e-05	0.0679	CTTATATATAT
MA0386.2	SPT15	G622_upstream_500bp	202	212	-	13.3366	1.48e-05	0.0679	CTTATATATAT
MA0386.2	SPT15	G3886_upstream_500bp	421	431	+	13.3366	1.48e-05	0.0679	CTTATATATAT
MA0386.2	SPT15	G974_upstream_500bp	482	492	+	13.3366	1.48e-05	0.0679	CTTATATATAT
MA0386.2	SPT15	G2061_upstream_500bp	329	339	-	13.297	1.52e-05	0.0679	CCTATATATAT
MA0386.2	SPT15	G4903_upstream_500bp	81	91	+	13.2871	1.59e-05	0.0679	ATTATATATAT
MA0386.2	SPT15	G6024_upstream_500bp	85	95	+	13.2871	1.59e-05	0.0679	ATTATATATAT
MA0386.2	SPT15	G2568_upstream_500bp	104	114	+	13.2871	1.59e-05	0.0679	ATTATATATAT
MA0386.2	SPT15	G1461_upstream_500bp	162	172	+	13.2871	1.59e-05	0.0679	ATTATATATAT
MA0386.2	SPT15	G2402_upstream_500bp	235	245	-	13.2871	1.59e-05	0.0679	ATTATATATAT
MA0386.2	SPT15	G5382_upstream_500bp	298	308	+	13.2871	1.59e-05	0.0679	ATTATATATAT
MA0386.2	SPT15	G5187_upstream_500bp	392	402	+	13.2871	1.59e-05	0.0679	ATTATATATAT
MA0386.2	SPT15	G2459_upstream_500bp	383	393	-	13.2871	1.59e-05	0.0679	ATTATATATAT
MA0386.2	SPT15	G2520_upstream_500bp	465	475	-	13.2871	1.59e-05	0.0679	ATTATATATAT
MA0386.2	SPT15	G4116_upstream_500bp	135	145	-	13.2772	1.63e-05	0.0679	GATATATATAC
MA0386.2	SPT15	G1508_upstream_500bp	306	316	-	13.2475	1.69e-05	0.0679	ACTATATATAT
MA0386.2	SPT15	G3271_upstream_500bp	310	320	-	13.2475	1.69e-05	0.0679	ACTATATATAT
MA0386.2	SPT15	G1509_upstream_500bp	396	406	+	13.2475	1.69e-05	0.0679	ACTATATATAT
MA0386.2	SPT15	G4903_upstream_500bp	84	94	-	13.2178	1.74e-05	0.0679	TGTATATATAT
MA0386.2	SPT15	G3471_upstream_500bp	101	111	-	13.2178	1.74e-05	0.0679	TGTATATATAT
MA0386.2	SPT15	G4637_upstream_500bp	236	246	+	13.2178	1.74e-05	0.0679	TGTATATATAT
MA0386.2	SPT15	G5398_upstream_500bp	260	270	-	13.2178	1.74e-05	0.0679	TGTATATATAT
MA0386.2	SPT15	G2187_upstream_500bp	470	480	-	13.2178	1.74e-05	0.0679	TGTATATATAT
MA0386.2	SPT15	G3781_upstream_500bp	473	483	-	13.2178	1.74e-05	0.0679	TGTATATATAT
MA0386.2	SPT15	G1551_upstream_500bp	418	428	+	13.2079	1.79e-05	0.0679	GAAATATATAG
MA0386.2	SPT15	G6017_upstream_500bp	275	285	-	13.1089	1.83e-05	0.0679	GGTATATATTT
MA0386.2	SPT15	G1885_upstream_500bp	425	435	+	13.1089	1.83e-05	0.0679	GGTATATATTT
MA0386.2	SPT15	G5041_upstream_500bp	428	438	+	13.1089	1.83e-05	0.0679	GGTATATATTT
MA0386.2	SPT15	G1461_upstream_500bp	164	174	+	13.0495	1.99e-05	0.0679	TATATATATAT
MA0386.2	SPT15	G1461_upstream_500bp	166	176	+	13.0495	1.99e-05	0.0679	TATATATATAT
MA0386.2	SPT15	G1461_upstream_500bp	168	178	+	13.0495	1.99e-05	0.0679	TATATATATAT
MA0386.2	SPT15	G1461_upstream_500bp	165	175	-	13.0495	1.99e-05	0.0679	TATATATATAT
MA0386.2	SPT15	G556_upstream_500bp	176	186	+	13.0495	1.99e-05	0.0679	TATATATATAT
MA0386.2	SPT15	G1461_upstream_500bp	167	177	-	13.0495	1.99e-05	0.0679	TATATATATAT
MA0386.2	SPT15	G556_upstream_500bp	178	188	+	13.0495	1.99e-05	0.0679	TATATATATAT
MA0386.2	SPT15	G556_upstream_500bp	180	190	+	13.0495	1.99e-05	0.0679	TATATATATAT
MA0386.2	SPT15	G3959_upstream_500bp	183	193	+	13.0495	1.99e-05	0.0679	TATATATATAT
MA0386.2	SPT15	G3959_upstream_500bp	185	195	+	13.0495	1.99e-05	0.0679	TATATATATAT
MA0386.2	SPT15	G556_upstream_500bp	175	185	-	13.0495	1.99e-05	0.0679	TATATATATAT
MA0386.2	SPT15	G3959_upstream_500bp	187	197	+	13.0495	1.99e-05	0.0679	TATATATATAT
MA0386.2	SPT15	G556_upstream_500bp	177	187	-	13.0495	1.99e-05	0.0679	TATATATATAT
MA0386.2	SPT15	G556_upstream_500bp	179	189	-	13.0495	1.99e-05	0.0679	TATATATATAT
MA0386.2	SPT15	G3959_upstream_500bp	182	192	-	13.0495	1.99e-05	0.0679	TATATATATAT
MA0386.2	SPT15	G3959_upstream_500bp	184	194	-	13.0495	1.99e-05	0.0679	TATATATATAT
MA0386.2	SPT15	G3959_upstream_500bp	186	196	-	13.0495	1.99e-05	0.0679	TATATATATAT
MA0386.2	SPT15	G1213_upstream_500bp	195	205	-	13.0495	1.99e-05	0.0679	TATATATATAT
MA0386.2	SPT15	G1939_upstream_500bp	219	229	+	13.0495	1.99e-05	0.0679	TATATATATAT
MA0386.2	SPT15	G5450_upstream_500bp	223	233	+	13.0495	1.99e-05	0.0679	TATATATATAT
MA0386.2	SPT15	G5450_upstream_500bp	225	235	+	13.0495	1.99e-05	0.0679	TATATATATAT
MA0386.2	SPT15	G5450_upstream_500bp	224	234	-	13.0495	1.99e-05	0.0679	TATATATATAT
MA0386.2	SPT15	G5450_upstream_500bp	226	236	-	13.0495	1.99e-05	0.0679	TATATATATAT
MA0386.2	SPT15	G1013_upstream_500bp	270	280	+	13.0495	1.99e-05	0.0679	TATATATATAT
MA0386.2	SPT15	G1773_upstream_500bp	293	303	+	13.0495	1.99e-05	0.0679	CGAATATATAT
MA0386.2	SPT15	G1508_upstream_500bp	299	309	+	13.0495	1.99e-05	0.0679	TATATATATAT
MA0386.2	SPT15	G1508_upstream_500bp	301	311	+	13.0495	1.99e-05	0.0679	TATATATATAT
MA0386.2	SPT15	G1508_upstream_500bp	303	313	+	13.0495	1.99e-05	0.0679	TATATATATAT
MA0386.2	SPT15	G1508_upstream_500bp	298	308	-	13.0495	1.99e-05	0.0679	TATATATATAT
MA0386.2	SPT15	G1508_upstream_500bp	300	310	-	13.0495	1.99e-05	0.0679	TATATATATAT
MA0386.2	SPT15	G1508_upstream_500bp	302	312	-	13.0495	1.99e-05	0.0679	TATATATATAT
MA0386.2	SPT15	G1508_upstream_500bp	304	314	-	13.0495	1.99e-05	0.0679	TATATATATAT
MA0386.2	SPT15	G1973_upstream_500bp	341	351	-	13.0495	1.99e-05	0.0679	CGAATATATAT
MA0386.2	SPT15	G1509_upstream_500bp	398	408	+	13.0495	1.99e-05	0.0679	TATATATATAT
MA0386.2	SPT15	G1509_upstream_500bp	400	410	+	13.0495	1.99e-05	0.0679	TATATATATAT
MA0386.2	SPT15	G5959_upstream_500bp	400	410	+	13.0495	1.99e-05	0.0679	TATATATATAT
MA0386.2	SPT15	G1509_upstream_500bp	402	412	+	13.0495	1.99e-05	0.0679	TATATATATAT
MA0386.2	SPT15	G5959_upstream_500bp	402	412	+	13.0495	1.99e-05	0.0679	TATATATATAT
MA0386.2	SPT15	G1509_upstream_500bp	404	414	+	13.0495	1.99e-05	0.0679	TATATATATAT
MA0386.2	SPT15	G5959_upstream_500bp	404	414	+	13.0495	1.99e-05	0.0679	TATATATATAT
MA0386.2	SPT15	G5959_upstream_500bp	406	416	+	13.0495	1.99e-05	0.0679	TATATATATAT
MA0386.2	SPT15	G5959_upstream_500bp	408	418	+	13.0495	1.99e-05	0.0679	TATATATATAT
MA0386.2	SPT15	G1509_upstream_500bp	399	409	-	13.0495	1.99e-05	0.0679	TATATATATAT
MA0386.2	SPT15	G5959_upstream_500bp	399	409	-	13.0495	1.99e-05	0.0679	TATATATATAT
MA0386.2	SPT15	G5959_upstream_500bp	410	420	+	13.0495	1.99e-05	0.0679	TATATATATAT
MA0386.2	SPT15	G4118_upstream_500bp	411	421	+	13.0495	1.99e-05	0.0679	TATATATATAT
MA0386.2	SPT15	G1509_upstream_500bp	401	411	-	13.0495	1.99e-05	0.0679	TATATATATAT
MA0386.2	SPT15	G5959_upstream_500bp	401	411	-	13.0495	1.99e-05	0.0679	TATATATATAT
MA0386.2	SPT15	G5959_upstream_500bp	412	422	+	13.0495	1.99e-05	0.0679	TATATATATAT
MA0386.2	SPT15	G1509_upstream_500bp	403	413	-	13.0495	1.99e-05	0.0679	TATATATATAT
MA0386.2	SPT15	G5959_upstream_500bp	403	413	-	13.0495	1.99e-05	0.0679	TATATATATAT
MA0386.2	SPT15	G1209_upstream_500bp	413	423	+	13.0495	1.99e-05	0.0679	CGAATATATAT
MA0386.2	SPT15	G5959_upstream_500bp	414	424	+	13.0495	1.99e-05	0.0679	TATATATATAT
MA0386.2	SPT15	G5959_upstream_500bp	405	415	-	13.0495	1.99e-05	0.0679	TATATATATAT
MA0386.2	SPT15	G5959_upstream_500bp	416	426	+	13.0495	1.99e-05	0.0679	TATATATATAT
MA0386.2	SPT15	G5959_upstream_500bp	407	417	-	13.0495	1.99e-05	0.0679	TATATATATAT
MA0386.2	SPT15	G5959_upstream_500bp	418	428	+	13.0495	1.99e-05	0.0679	TATATATATAT
MA0386.2	SPT15	G5959_upstream_500bp	409	419	-	13.0495	1.99e-05	0.0679	TATATATATAT
MA0386.2	SPT15	G4118_upstream_500bp	410	420	-	13.0495	1.99e-05	0.0679	TATATATATAT
MA0386.2	SPT15	G5959_upstream_500bp	420	430	+	13.0495	1.99e-05	0.0679	TATATATATAT
MA0386.2	SPT15	G5959_upstream_500bp	411	421	-	13.0495	1.99e-05	0.0679	TATATATATAT
MA0386.2	SPT15	G4118_upstream_500bp	412	422	-	13.0495	1.99e-05	0.0679	TATATATATAT
MA0386.2	SPT15	G5959_upstream_500bp	422	432	+	13.0495	1.99e-05	0.0679	TATATATATAT
MA0386.2	SPT15	G5959_upstream_500bp	413	423	-	13.0495	1.99e-05	0.0679	TATATATATAT
MA0386.2	SPT15	G5959_upstream_500bp	415	425	-	13.0495	1.99e-05	0.0679	TATATATATAT
MA0386.2	SPT15	G5959_upstream_500bp	417	427	-	13.0495	1.99e-05	0.0679	TATATATATAT
MA0386.2	SPT15	G5959_upstream_500bp	419	429	-	13.0495	1.99e-05	0.0679	TATATATATAT
MA0386.2	SPT15	G5959_upstream_500bp	421	431	-	13.0495	1.99e-05	0.0679	TATATATATAT
MA0386.2	SPT15	G476_upstream_500bp	441	451	+	13.0495	1.99e-05	0.0679	TATATATATAT
MA0386.2	SPT15	G476_upstream_500bp	443	453	+	13.0495	1.99e-05	0.0679	TATATATATAT
MA0386.2	SPT15	G476_upstream_500bp	445	455	+	13.0495	1.99e-05	0.0679	TATATATATAT
MA0386.2	SPT15	G476_upstream_500bp	447	457	+	13.0495	1.99e-05	0.0679	TATATATATAT
MA0386.2	SPT15	G476_upstream_500bp	440	450	-	13.0495	1.99e-05	0.0679	TATATATATAT
MA0386.2	SPT15	G476_upstream_500bp	442	452	-	13.0495	1.99e-05	0.0679	TATATATATAT
MA0386.2	SPT15	G476_upstream_500bp	444	454	-	13.0495	1.99e-05	0.0679	TATATATATAT
MA0386.2	SPT15	G476_upstream_500bp	446	456	-	13.0495	1.99e-05	0.0679	TATATATATAT
MA0386.2	SPT15	G4837_upstream_500bp	459	469	+	13.0495	1.99e-05	0.0679	TATATATATAT
MA0386.2	SPT15	G5542_upstream_500bp	461	471	+	13.0495	1.99e-05	0.0679	TATATATATAT
MA0386.2	SPT15	G4837_upstream_500bp	461	471	+	13.0495	1.99e-05	0.0679	TATATATATAT
MA0386.2	SPT15	G5542_upstream_500bp	463	473	+	13.0495	1.99e-05	0.0679	TATATATATAT
MA0386.2	SPT15	G4837_upstream_500bp	463	473	+	13.0495	1.99e-05	0.0679	TATATATATAT
MA0386.2	SPT15	G4837_upstream_500bp	465	475	+	13.0495	1.99e-05	0.0679	TATATATATAT
MA0386.2	SPT15	G6004_upstream_500bp	466	476	+	13.0495	1.99e-05	0.0679	TATATATATAT
MA0386.2	SPT15	G2978_upstream_500bp	467	477	+	13.0495	1.99e-05	0.0679	CGAATATATAT
MA0386.2	SPT15	G4506_upstream_500bp	467	477	+	13.0495	1.99e-05	0.0679	TATATATATAT
MA0386.2	SPT15	G6004_upstream_500bp	468	478	+	13.0495	1.99e-05	0.0679	TATATATATAT
MA0386.2	SPT15	G4837_upstream_500bp	458	468	-	13.0495	1.99e-05	0.0679	TATATATATAT
MA0386.2	SPT15	G4506_upstream_500bp	469	479	+	13.0495	1.99e-05	0.0679	TATATATATAT
MA0386.2	SPT15	G6004_upstream_500bp	470	480	+	13.0495	1.99e-05	0.0679	TATATATATAT
MA0386.2	SPT15	G5542_upstream_500bp	460	470	-	13.0495	1.99e-05	0.0679	TATATATATAT
MA0386.2	SPT15	G4837_upstream_500bp	460	470	-	13.0495	1.99e-05	0.0679	TATATATATAT
MA0386.2	SPT15	G4220_upstream_500bp	471	481	+	13.0495	1.99e-05	0.0679	TATATATATAT
MA0386.2	SPT15	G6004_upstream_500bp	472	482	+	13.0495	1.99e-05	0.0679	TATATATATAT
MA0386.2	SPT15	G5542_upstream_500bp	462	472	-	13.0495	1.99e-05	0.0679	TATATATATAT
MA0386.2	SPT15	G4837_upstream_500bp	462	472	-	13.0495	1.99e-05	0.0679	TATATATATAT
MA0386.2	SPT15	G4220_upstream_500bp	473	483	+	13.0495	1.99e-05	0.0679	TATATATATAT
MA0386.2	SPT15	G2520_upstream_500bp	463	473	-	13.0495	1.99e-05	0.0679	TATATATATAT
MA0386.2	SPT15	G6004_upstream_500bp	474	484	+	13.0495	1.99e-05	0.0679	TATATATATAT
MA0386.2	SPT15	G4837_upstream_500bp	464	474	-	13.0495	1.99e-05	0.0679	TATATATATAT
MA0386.2	SPT15	G6004_upstream_500bp	465	475	-	13.0495	1.99e-05	0.0679	TATATATATAT
MA0386.2	SPT15	G4220_upstream_500bp	475	485	+	13.0495	1.99e-05	0.0679	TATATATATAT
MA0386.2	SPT15	G4506_upstream_500bp	466	476	-	13.0495	1.99e-05	0.0679	TATATATATAT
MA0386.2	SPT15	G6004_upstream_500bp	476	486	+	13.0495	1.99e-05	0.0679	TATATATATAT
MA0386.2	SPT15	G6004_upstream_500bp	467	477	-	13.0495	1.99e-05	0.0679	TATATATATAT
MA0386.2	SPT15	G4220_upstream_500bp	477	487	+	13.0495	1.99e-05	0.0679	TATATATATAT
MA0386.2	SPT15	G2187_upstream_500bp	468	478	-	13.0495	1.99e-05	0.0679	TATATATATAT
MA0386.2	SPT15	G6004_upstream_500bp	478	488	+	13.0495	1.99e-05	0.0679	TATATATATAT
MA0386.2	SPT15	G4506_upstream_500bp	468	478	-	13.0495	1.99e-05	0.0679	TATATATATAT
MA0386.2	SPT15	G4220_upstream_500bp	479	489	+	13.0495	1.99e-05	0.0679	TATATATATAT
MA0386.2	SPT15	G6004_upstream_500bp	469	479	-	13.0495	1.99e-05	0.0679	TATATATATAT
MA0386.2	SPT15	G4220_upstream_500bp	470	480	-	13.0495	1.99e-05	0.0679	TATATATATAT
MA0386.2	SPT15	G4220_upstream_500bp	481	491	+	13.0495	1.99e-05	0.0679	TATATATATAT
MA0386.2	SPT15	G6004_upstream_500bp	471	481	-	13.0495	1.99e-05	0.0679	TATATATATAT
MA0386.2	SPT15	G4220_upstream_500bp	472	482	-	13.0495	1.99e-05	0.0679	TATATATATAT
MA0386.2	SPT15	G6004_upstream_500bp	473	483	-	13.0495	1.99e-05	0.0679	TATATATATAT
MA0386.2	SPT15	G4220_upstream_500bp	474	484	-	13.0495	1.99e-05	0.0679	TATATATATAT
MA0386.2	SPT15	G6004_upstream_500bp	475	485	-	13.0495	1.99e-05	0.0679	TATATATATAT
MA0386.2	SPT15	G4220_upstream_500bp	476	486	-	13.0495	1.99e-05	0.0679	TATATATATAT
MA0386.2	SPT15	G6004_upstream_500bp	477	487	-	13.0495	1.99e-05	0.0679	TATATATATAT
MA0386.2	SPT15	G4220_upstream_500bp	478	488	-	13.0495	1.99e-05	0.0679	TATATATATAT
MA0386.2	SPT15	G4220_upstream_500bp	480	490	-	13.0495	1.99e-05	0.0679	TATATATATAT
MA0386.2	SPT15	G974_upstream_500bp	485	495	-	13.0495	1.99e-05	0.0679	CGAATATATAT
MA0386.2	SPT15	G2453_upstream_500bp	151	161	-	13	2.08e-05	0.0683	AGAATATATAT
MA0386.2	SPT15	G5398_upstream_500bp	257	267	+	13	2.08e-05	0.0683	AGAATATATAT
MA0386.2	SPT15	G858_upstream_500bp	296	306	-	13	2.08e-05	0.0683	AGAATATATAT
MA0386.2	SPT15	G3645_upstream_500bp	321	331	-	13	2.08e-05	0.0683	AGAATATATAT
MA0386.2	SPT15	G3208_upstream_500bp	459	469	+	13	2.08e-05	0.0683	AGAATATATAT
MA0386.2	SPT15	G507_upstream_500bp	232	242	-	12.9901	2.13e-05	0.0683	GTAATATATAG
MA0386.2	SPT15	G5106_upstream_500bp	25	35	+	12.9406	2.22e-05	0.0683	GATATATATTT
MA0386.2	SPT15	G2248_upstream_500bp	148	158	+	12.9406	2.22e-05	0.0683	GATATATATTT
MA0386.2	SPT15	G2252_upstream_500bp	216	226	-	12.9406	2.22e-05	0.0683	GATATATATTT
MA0386.2	SPT15	G5142_upstream_500bp	363	373	+	12.9406	2.22e-05	0.0683	GATATATATTT
MA0386.2	SPT15	G2597_upstream_500bp	379	389	-	12.9406	2.22e-05	0.0683	GATATATATTT
MA0386.2	SPT15	G5143_upstream_500bp	483	493	-	12.9406	2.22e-05	0.0683	GATATATATTT
MA0386.2	SPT15	G4487_upstream_500bp	4	14	-	12.8812	2.28e-05	0.0683	CAAATATATAT
MA0386.2	SPT15	G2459_upstream_500bp	93	103	-	12.8812	2.28e-05	0.0683	CAAATATATAT
MA0386.2	SPT15	G3959_upstream_500bp	179	189	+	12.8812	2.28e-05	0.0683	CAAATATATAT
MA0386.2	SPT15	G2402_upstream_500bp	232	242	+	12.8812	2.28e-05	0.0683	CAAATATATAT
MA0386.2	SPT15	G2034_upstream_500bp	385	395	+	12.8812	2.28e-05	0.0683	CAAATATATAT
MA0386.2	SPT15	G3991_upstream_500bp	465	475	+	12.8812	2.28e-05	0.0683	CAAATATATAT
MA0386.2	SPT15	G3991_upstream_500bp	468	478	-	12.8812	2.28e-05	0.0683	CAAATATATAT
MA0386.2	SPT15	G4837_upstream_500bp	468	478	-	12.8812	2.28e-05	0.0683	CAAATATATAT
MA0386.2	SPT15	G5106_upstream_500bp	26	36	-	12.8317	2.41e-05	0.0683	AAAATATATAT
MA0386.2	SPT15	G2928_upstream_500bp	59	69	-	12.8317	2.41e-05	0.0683	AAAATATATAT
MA0386.2	SPT15	G2459_upstream_500bp	90	100	+	12.8317	2.41e-05	0.0683	AAAATATATAT
MA0386.2	SPT15	G2496_upstream_500bp	101	111	+	12.8317	2.41e-05	0.0683	AAAATATATAT
MA0386.2	SPT15	G229_upstream_500bp	127	137	+	12.8317	2.41e-05	0.0683	AAAATATATAT
MA0386.2	SPT15	G2453_upstream_500bp	148	158	+	12.8317	2.41e-05	0.0683	AAAATATATAT
MA0386.2	SPT15	G4805_upstream_500bp	190	200	+	12.8317	2.41e-05	0.0683	AAAATATATAT
MA0386.2	SPT15	G812_upstream_500bp	183	193	-	12.8317	2.41e-05	0.0683	TTTATATATAT
MA0386.2	SPT15	G920_upstream_500bp	199	209	+	12.8317	2.41e-05	0.0683	TTTATATATAT
MA0386.2	SPT15	G3959_upstream_500bp	190	200	-	12.8317	2.41e-05	0.0683	AAAATATATAT
MA0386.2	SPT15	G1939_upstream_500bp	217	227	+	12.8317	2.41e-05	0.0683	TTTATATATAT
MA0386.2	SPT15	G5450_upstream_500bp	221	231	+	12.8317	2.41e-05	0.0683	TTTATATATAT
MA0386.2	SPT15	G4637_upstream_500bp	239	249	-	12.8317	2.41e-05	0.0683	TTTATATATAT
MA0386.2	SPT15	G1298_upstream_500bp	247	257	-	12.8317	2.41e-05	0.0683	TTTATATATAT
MA0386.2	SPT15	G858_upstream_500bp	293	303	+	12.8317	2.41e-05	0.0683	AAAATATATAT
MA0386.2	SPT15	G5964_upstream_500bp	296	306	-	12.8317	2.41e-05	0.0683	TTTATATATAT
MA0386.2	SPT15	G1973_upstream_500bp	338	348	+	12.8317	2.41e-05	0.0683	AAAATATATAT
MA0386.2	SPT15	G769_upstream_500bp	348	358	-	12.8317	2.41e-05	0.0683	AAAATATATAT
MA0386.2	SPT15	G1005_upstream_500bp	366	376	+	12.8317	2.41e-05	0.0683	TTTATATATAT
MA0386.2	SPT15	G2108_upstream_500bp	373	383	+	12.8317	2.41e-05	0.0683	AAAATATATAT
MA0386.2	SPT15	G2459_upstream_500bp	380	390	+	12.8317	2.41e-05	0.0683	AAAATATATAT
MA0386.2	SPT15	G2108_upstream_500bp	376	386	-	12.8317	2.41e-05	0.0683	AAAATATATAT
MA0386.2	SPT15	G4708_upstream_500bp	397	407	+	12.8317	2.41e-05	0.0683	AAAATATATAT
MA0386.2	SPT15	G2034_upstream_500bp	388	398	-	12.8317	2.41e-05	0.0683	TTTATATATAT
MA0386.2	SPT15	G5187_upstream_500bp	395	405	-	12.8317	2.41e-05	0.0683	TTTATATATAT
MA0386.2	SPT15	G4252_upstream_500bp	403	413	-	12.8317	2.41e-05	0.0683	AAAATATATAT
MA0386.2	SPT15	G101_upstream_500bp	413	423	-	12.8317	2.41e-05	0.0683	AAAATATATAT
MA0386.2	SPT15	G4118_upstream_500bp	414	424	-	12.8317	2.41e-05	0.0683	TTTATATATAT
MA0386.2	SPT15	G1209_upstream_500bp	416	426	-	12.8317	2.41e-05	0.0683	TTTATATATAT
MA0386.2	SPT15	G2819_upstream_500bp	437	447	+	12.8317	2.41e-05	0.0683	AAAATATATAT
MA0386.2	SPT15	G476_upstream_500bp	437	447	+	12.8317	2.41e-05	0.0683	AAAATATATAT
MA0386.2	SPT15	G5018_upstream_500bp	439	449	+	12.8317	2.41e-05	0.0683	AAAATATATAT
MA0386.2	SPT15	G2819_upstream_500bp	440	450	-	12.8317	2.41e-05	0.0683	AAAATATATAT
MA0386.2	SPT15	G4506_upstream_500bp	472	482	-	12.8317	2.41e-05	0.0683	AAAATATATAT
MA0386.2	SPT15	G3379_upstream_500bp	70	80	-	12.7921	2.46e-05	0.069	TCTATATATAT
MA0386.2	SPT15	G1213_upstream_500bp	197	207	-	12.7921	2.46e-05	0.069	TCTATATATAT
MA0386.2	SPT15	G873_upstream_500bp	235	245	+	12.7921	2.46e-05	0.069	TCTATATATAT
MA0386.2	SPT15	G5187_upstream_500bp	370	380	-	12.7921	2.46e-05	0.069	TCTATATATAT
MA0386.2	SPT15	G4950_upstream_500bp	193	203	-	12.7723	2.5e-05	0.0699	GGAATATATAC
MA0386.2	SPT15	G593_upstream_500bp	51	61	+	12.7228	2.59e-05	0.0711	GTTATATATTT
MA0386.2	SPT15	G2682_upstream_500bp	90	100	+	12.7228	2.59e-05	0.0711	GTTATATATTT
MA0386.2	SPT15	G2229_upstream_500bp	205	215	-	12.7228	2.59e-05	0.0711	GTTATATATTT
MA0386.2	SPT15	G80_upstream_500bp	271	281	-	12.7228	2.59e-05	0.0711	GTTATATATTT
MA0386.2	SPT15	G229_upstream_500bp	361	371	-	12.7228	2.59e-05	0.0711	GTTATATATTT
MA0386.2	SPT15	G2588_upstream_500bp	476	486	-	12.7228	2.59e-05	0.0711	GTTATATATTT
MA0386.2	SPT15	G4487_upstream_500bp	1	11	+	12.6634	2.69e-05	0.073	CTAATATATAT
MA0386.2	SPT15	G3379_upstream_500bp	67	77	+	12.6634	2.69e-05	0.073	CTAATATATAT
MA0386.2	SPT15	G183_upstream_500bp	201	211	-	12.6634	2.69e-05	0.073	CTAATATATAT
MA0386.2	SPT15	G400_upstream_500bp	363	373	+	12.6634	2.69e-05	0.073	CTAATATATAT
MA0386.2	SPT15	G664_upstream_500bp	15	25	-	12.6238	2.78e-05	0.0731	CCAATATATAT
MA0386.2	SPT15	G2974_upstream_500bp	37	47	-	12.6238	2.78e-05	0.0731	CCAATATATAT
MA0386.2	SPT15	G1377_upstream_500bp	233	243	-	12.6238	2.78e-05	0.0731	CCAATATATAT
MA0386.2	SPT15	G5542_upstream_500bp	466	476	-	12.6238	2.78e-05	0.0731	CCAATATATAT
MA0386.2	SPT15	G4374_upstream_500bp	490	500	-	12.6238	2.78e-05	0.0731	GGTTTATATAT
MA0386.2	SPT15	G664_upstream_500bp	10	20	+	12.6139	2.85e-05	0.0731	ATAATATATAT
MA0386.2	SPT15	G683_upstream_500bp	66	76	-	12.6139	2.85e-05	0.0731	ATAATATATAT
MA0386.2	SPT15	G4903_upstream_500bp	94	104	-	12.6139	2.85e-05	0.0731	ATAATATATAT
MA0386.2	SPT15	G27_upstream_500bp	184	194	+	12.6139	2.85e-05	0.0731	ATAATATATAT
MA0386.2	SPT15	G1039_upstream_500bp	242	252	+	12.6139	2.85e-05	0.0731	ATAATATATAT
MA0386.2	SPT15	G3225_upstream_500bp	270	280	-	12.6139	2.85e-05	0.0731	ATAATATATAT
MA0386.2	SPT15	G5764_upstream_500bp	283	293	-	12.6139	2.85e-05	0.0731	ATAATATATAT
MA0386.2	SPT15	G2061_upstream_500bp	326	336	+	12.6139	2.85e-05	0.0731	ATAATATATAT
MA0386.2	SPT15	G1975_upstream_500bp	371	381	+	12.6139	2.85e-05	0.0731	ATAATATATAT
MA0386.2	SPT15	G1285_upstream_500bp	364	374	-	12.6139	2.85e-05	0.0731	ATAATATATAT
MA0386.2	SPT15	G1005_upstream_500bp	369	379	-	12.6139	2.85e-05	0.0731	ATAATATATAT
MA0386.2	SPT15	G5329_upstream_500bp	385	395	+	12.6139	2.85e-05	0.0731	ATAATATATAT
MA0386.2	SPT15	G4708_upstream_500bp	400	410	-	12.6139	2.85e-05	0.0731	ATAATATATAT
MA0386.2	SPT15	G476_upstream_500bp	450	460	-	12.6139	2.85e-05	0.0731	ATAATATATAT
MA0386.2	SPT15	G2383_upstream_500bp	171	181	-	12.604	2.89e-05	0.0741	GAAATATATAC
MA0386.2	SPT15	G3091_upstream_500bp	69	79	-	12.5743	2.99e-05	0.0756	ACAATATATAT
MA0386.2	SPT15	G229_upstream_500bp	130	140	-	12.5743	2.99e-05	0.0756	ACAATATATAT
MA0386.2	SPT15	G5985_upstream_500bp	183	193	+	12.5743	2.99e-05	0.0756	ACAATATATAT
MA0386.2	SPT15	G1869_upstream_500bp	303	313	-	12.5743	2.99e-05	0.0756	ACAATATATAT
MA0386.2	SPT15	G4708_upstream_500bp	379	389	-	12.5743	2.99e-05	0.0756	ACAATATATAT
MA0386.2	SPT15	G4835_upstream_500bp	190	200	-	12.5545	3.03e-05	0.0761	GGGATATATAT
MA0386.2	SPT15	G5425_upstream_500bp	239	249	+	12.5545	3.03e-05	0.0761	GGGATATATAT
MA0386.2	SPT15	G2432_upstream_500bp	14	24	-	12.5446	3.09e-05	0.0766	TGAATATATAT
MA0386.2	SPT15	G4689_upstream_500bp	147	157	+	12.5446	3.09e-05	0.0766	TGAATATATAT
MA0386.2	SPT15	G1298_upstream_500bp	244	254	+	12.5446	3.09e-05	0.0766	TGAATATATAT
MA0386.2	SPT15	G5382_upstream_500bp	301	311	-	12.5446	3.09e-05	0.0766	TGAATATATAT
MA0386.2	SPT15	G4220_upstream_500bp	180	190	+	12.4554	3.14e-05	0.0772	GATTTATATAT
MA0386.2	SPT15	G5682_upstream_500bp	355	365	-	12.4554	3.14e-05	0.0772	GATTTATATAT
MA0386.2	SPT15	G2034_upstream_500bp	390	400	-	12.4554	3.14e-05	0.0772	GATTTATATAT
MA0386.2	SPT15	G1293_upstream_500bp	65	75	+	12.4356	3.19e-05	0.0772	GGAATATATTT
MA0386.2	SPT15	G6051_upstream_500bp	318	328	+	12.4356	3.19e-05	0.0772	GGAATATATTT
MA0386.2	SPT15	G707_upstream_500bp	415	425	-	12.4356	3.19e-05	0.0772	GGAATATATTT
MA0386.2	SPT15	G1508_upstream_500bp	295	305	+	12.3861	3.28e-05	0.0772	GAGATATATAT
MA0386.2	SPT15	G5142_upstream_500bp	361	371	+	12.3861	3.28e-05	0.0772	GAGATATATAT
MA0386.2	SPT15	G5542_upstream_500bp	372	382	+	12.3861	3.28e-05	0.0772	GAGATATATAT
MA0386.2	SPT15	G1509_upstream_500bp	407	417	-	12.3861	3.28e-05	0.0772	GAGATATATAT
MA0386.2	SPT15	G5143_upstream_500bp	485	495	-	12.3861	3.28e-05	0.0772	GAGATATATAT
MA0386.2	SPT15	G1094_upstream_500bp	27	37	+	12.3762	3.39e-05	0.0772	TAAATATATAT
MA0386.2	SPT15	G5045_upstream_500bp	72	82	-	12.3762	3.39e-05	0.0772	TAAATATATAT
MA0386.2	SPT15	G6024_upstream_500bp	88	98	-	12.3762	3.39e-05	0.0772	TAAATATATAT
MA0386.2	SPT15	G2248_upstream_500bp	149	159	-	12.3762	3.39e-05	0.0772	TAAATATATAT
MA0386.2	SPT15	G1461_upstream_500bp	171	181	-	12.3762	3.39e-05	0.0772	TAAATATATAT
MA0386.2	SPT15	G1797_upstream_500bp	173	183	-	12.3762	3.39e-05	0.0772	TAAATATATAT
MA0386.2	SPT15	G556_upstream_500bp	183	193	-	12.3762	3.39e-05	0.0772	TAAATATATAT
MA0386.2	SPT15	G1093_upstream_500bp	246	256	-	12.3762	3.39e-05	0.0772	TAAATATATAT
MA0386.2	SPT15	G5764_upstream_500bp	278	288	+	12.3762	3.39e-05	0.0772	TAAATATATAT
MA0386.2	SPT15	G5964_upstream_500bp	293	303	+	12.3762	3.39e-05	0.0772	TAAATATATAT
MA0386.2	SPT15	G1290_upstream_500bp	310	320	-	12.3762	3.39e-05	0.0772	GTCATATATAA
MA0386.2	SPT15	G3509_upstream_500bp	350	360	+	12.3762	3.39e-05	0.0772	TAAATATATAT
MA0386.2	SPT15	G2597_upstream_500bp	378	388	+	12.3762	3.39e-05	0.0772	TAAATATATAT
MA0386.2	SPT15	G4118_upstream_500bp	407	417	+	12.3762	3.39e-05	0.0772	TAAATATATAT
MA0386.2	SPT15	G3994_upstream_500bp	424	434	+	12.3762	3.39e-05	0.0772	TAAATATATAT
MA0386.2	SPT15	G5018_upstream_500bp	442	452	-	12.3762	3.39e-05	0.0772	TAAATATATAT
MA0386.2	SPT15	G5990_upstream_500bp	456	466	+	12.3762	3.39e-05	0.0772	TAAATATATAT
MA0386.2	SPT15	G6004_upstream_500bp	462	472	+	12.3762	3.39e-05	0.0772	TAAATATATAT
MA0386.2	SPT15	G4506_upstream_500bp	463	473	+	12.3762	3.39e-05	0.0772	TAAATATATAT
MA0386.2	SPT15	G1595_upstream_500bp	463	473	+	12.3762	3.39e-05	0.0772	GTCATATATAA
MA0386.2	SPT15	G3781_upstream_500bp	470	480	+	12.3762	3.39e-05	0.0772	TAAATATATAT
MA0386.2	SPT15	G4220_upstream_500bp	484	494	-	12.3762	3.39e-05	0.0772	TAAATATATAT
MA0386.2	SPT15	G2119_upstream_500bp	210	220	+	12.3465	3.43e-05	0.0778	GCAATATATAC
MA0386.2	SPT15	G4277_upstream_500bp	31	41	-	12.2673	3.52e-05	0.078	GAAATATATTT
MA0386.2	SPT15	G1114_upstream_500bp	42	52	-	12.2673	3.52e-05	0.078	GAAATATATTT
MA0386.2	SPT15	G3387_upstream_500bp	268	278	+	12.2673	3.52e-05	0.078	GAAATATATTT
MA0386.2	SPT15	G1198_upstream_500bp	264	274	-	12.2673	3.52e-05	0.078	GAAATATATTT
MA0386.2	SPT15	G1885_upstream_500bp	313	323	+	12.2673	3.52e-05	0.078	GAAATATATTT
MA0386.2	SPT15	G5081_upstream_500bp	329	339	-	12.2673	3.52e-05	0.078	GAAATATATTT
MA0386.2	SPT15	G5083_upstream_500bp	347	357	+	12.2673	3.52e-05	0.078	GAAATATATTT
MA0386.2	SPT15	G3226_upstream_500bp	354	364	+	12.2673	3.52e-05	0.078	GAAATATATTT
MA0386.2	SPT15	G3226_upstream_500bp	355	365	-	12.2673	3.52e-05	0.078	GAAATATATTT
MA0386.2	SPT15	G812_upstream_500bp	476	486	+	12.2673	3.52e-05	0.078	GAAATATATTT
MA0386.2	SPT15	G69_upstream_500bp	110	120	-	12.2376	3.57e-05	0.0788	GTTTTATATAT
MA0386.2	SPT15	G812_upstream_500bp	185	195	-	12.2376	3.57e-05	0.0788	GTTTTATATAT
MA0386.2	SPT15	G4944_upstream_500bp	268	278	+	12.198	3.62e-05	0.0794	GCTTTATATAT
MA0386.2	SPT15	G1490_upstream_500bp	483	493	-	12.198	3.62e-05	0.0794	GCTTTATATAT
MA0386.2	SPT15	G1013_upstream_500bp	273	283	-	12.1683	3.66e-05	0.0798	GTGATATATAT
MA0386.2	SPT15	G2928_upstream_500bp	56	66	+	12.1584	3.73e-05	0.0798	TTAATATATAT
MA0386.2	SPT15	G2256_upstream_500bp	111	121	+	12.1584	3.73e-05	0.0798	TTAATATATAT
MA0386.2	SPT15	G6046_upstream_500bp	158	168	+	12.1584	3.73e-05	0.0798	TTAATATATAT
MA0386.2	SPT15	G4200_upstream_500bp	220	230	-	12.1584	3.73e-05	0.0798	TTAATATATAT
MA0386.2	SPT15	G3645_upstream_500bp	318	328	+	12.1584	3.73e-05	0.0798	TTAATATATAT
MA0386.2	SPT15	G1003_upstream_500bp	351	361	-	12.1584	3.73e-05	0.0798	TTAATATATAT
MA0386.2	SPT15	G3509_upstream_500bp	353	363	-	12.1584	3.73e-05	0.0798	TTAATATATAT
MA0386.2	SPT15	G5990_upstream_500bp	461	471	-	12.1584	3.73e-05	0.0798	TTAATATATAT
MA0386.2	SPT15	G3902_upstream_500bp	467	477	-	12.1584	3.73e-05	0.0798	TTAATATATAT
MA0386.2	SPT15	G2528_upstream_500bp	468	478	-	12.1584	3.73e-05	0.0798	TTAATATATAT
MA0386.2	SPT15	G3010_upstream_500bp	215	225	+	12.1188	3.87e-05	0.0823	TCAATATATAT
MA0386.2	SPT15	G1057_upstream_500bp	356	366	+	12.1188	3.87e-05	0.0823	TCAATATATAT
MA0386.2	SPT15	G3591_upstream_500bp	287	297	+	12.0495	3.95e-05	0.0837	GTAATATATTT
MA0386.2	SPT15	G3233_upstream_500bp	340	350	-	12.0495	3.95e-05	0.0837	GTAATATATTT
MA0386.2	SPT15	G1003_upstream_500bp	48	58	-	12.0099	4e-05	0.0845	GCAATATATTT
MA0386.2	SPT15	G5682_upstream_500bp	354	364	+	11.9703	4.05e-05	0.0855	GATATATAAAT
MA0386.2	SPT15	G4212_upstream_500bp	59	69	+	11.9109	4.14e-05	0.087	GGTATAAATAT
MA0386.2	SPT15	G4658_upstream_500bp	466	476	+	11.9109	4.14e-05	0.087	GGTATAAATAT
MA0386.2	SPT15	G5902_upstream_500bp	476	486	-	11.901	4.22e-05	0.0885	GACATATATAG
MA0386.2	SPT15	G2932_upstream_500bp	254	264	-	11.8515	4.28e-05	0.0888	AGTATATATAA
MA0386.2	SPT15	G404_upstream_500bp	436	446	+	11.8515	4.28e-05	0.0888	AGTATATATAA
MA0386.2	SPT15	G404_upstream_500bp	446	456	+	11.8515	4.28e-05	0.0888	AGTATATATAA
MA0386.2	SPT15	G404_upstream_500bp	456	466	+	11.8515	4.28e-05	0.0888	AGTATATATAA
MA0386.2	SPT15	G1910_upstream_500bp	187	197	-	11.7822	4.33e-05	0.0889	GAATTATATAT
MA0386.2	SPT15	G1272_upstream_500bp	210	220	+	11.7822	4.33e-05	0.0889	GAATTATATAT
MA0386.2	SPT15	G1290_upstream_500bp	307	317	+	11.7822	4.33e-05	0.0889	GAATTATATAT
MA0386.2	SPT15	G2459_upstream_500bp	385	395	-	11.7822	4.33e-05	0.0889	GAATTATATAT
MA0386.2	SPT15	G2221_upstream_500bp	483	493	-	11.7822	4.33e-05	0.0889	GAATTATATAT
MA0386.2	SPT15	G5364_upstream_500bp	254	264	-	11.7525	4.39e-05	0.0895	GTTATATAAAT
MA0386.2	SPT15	G2523_upstream_500bp	281	291	+	11.7525	4.39e-05	0.0895	GTTATATAAAT
MA0386.2	SPT15	G5366_upstream_500bp	337	347	+	11.7525	4.39e-05	0.0895	GTTATATAAAT
MA0386.2	SPT15	G2019_upstream_500bp	132	142	+	11.7426	4.48e-05	0.0905	GATATAAATAT
MA0386.2	SPT15	G4308_upstream_500bp	341	351	+	11.7426	4.48e-05	0.0905	GATATAAATAT
MA0386.2	SPT15	G1510_upstream_500bp	362	372	+	11.7426	4.48e-05	0.0905	GATATAAATAT
MA0386.2	SPT15	G3127_upstream_500bp	358	368	-	11.7426	4.48e-05	0.0905	GATATAAATAT
MA0386.2	SPT15	G2568_upstream_500bp	105	115	-	11.7327	4.53e-05	0.0912	CATATATATAA
MA0386.2	SPT15	G920_upstream_500bp	200	210	-	11.7327	4.53e-05	0.0912	CATATATATAA
MA0386.2	SPT15	G6024_upstream_500bp	86	96	-	11.6832	4.73e-05	0.0923	AATATATATAA
MA0386.2	SPT15	G812_upstream_500bp	182	192	+	11.6832	4.73e-05	0.0923	AATATATATAA
MA0386.2	SPT15	G4805_upstream_500bp	192	202	+	11.6832	4.73e-05	0.0923	AATATATATAA
MA0386.2	SPT15	G2402_upstream_500bp	234	244	+	11.6832	4.73e-05	0.0923	AATATATATAA
MA0386.2	SPT15	G1298_upstream_500bp	246	256	+	11.6832	4.73e-05	0.0923	AATATATATAA
MA0386.2	SPT15	G5964_upstream_500bp	295	305	+	11.6832	4.73e-05	0.0923	AATATATATAA
MA0386.2	SPT15	G5382_upstream_500bp	299	309	-	11.6832	4.73e-05	0.0923	AATATATATAA
MA0386.2	SPT15	G1005_upstream_500bp	367	377	-	11.6832	4.73e-05	0.0923	AATATATATAA
MA0386.2	SPT15	G2459_upstream_500bp	382	392	+	11.6832	4.73e-05	0.0923	AATATATATAA
MA0386.2	SPT15	G2034_upstream_500bp	387	397	+	11.6832	4.73e-05	0.0923	AATATATATAA
MA0386.2	SPT15	G1209_upstream_500bp	415	425	+	11.6832	4.73e-05	0.0923	AATATATATAA
MA0386.2	SPT15	G2748_upstream_500bp	467	477	+	11.6832	4.73e-05	0.0923	GTCATATATAG
MA0386.2	SPT15	G3902_upstream_500bp	465	475	-	11.6832	4.73e-05	0.0923	AATATATATAA
MA0386.2	SPT15	G974_upstream_500bp	483	493	-	11.6832	4.73e-05	0.0923	AATATATATAA
MA0386.2	SPT15	G3091_upstream_500bp	66	76	+	11.5743	4.88e-05	0.0942	CACATATATAT
MA0386.2	SPT15	G182_upstream_500bp	152	162	+	11.5743	4.88e-05	0.0942	CACATATATAT
MA0386.2	SPT15	G5506_upstream_500bp	379	389	-	11.5743	4.88e-05	0.0942	CACATATATAT
MA0386.2	SPT15	G4252_upstream_500bp	398	408	+	11.5743	4.88e-05	0.0942	CACATATATAT
MA0386.2	SPT15	G2528_upstream_500bp	465	475	+	11.5743	4.88e-05	0.0942	CACATATATAT
MA0386.2	SPT15	G3726_upstream_500bp	12	22	-	11.5644	4.93e-05	0.0945	GTATTATATAT
MA0386.2	SPT15	G4944_upstream_500bp	273	283	-	11.5644	4.93e-05	0.0945	GTATTATATAT
MA0386.2	SPT15	G3538_upstream_500bp	276	286	-	11.5644	4.93e-05	0.0945	GTATTATATAT
MA0386.2	SPT15	G5104_upstream_500bp	300	310	-	11.5644	4.93e-05	0.0945	GTATTATATAT
MA0386.2	SPT15	G297_upstream_500bp	16	26	+	11.5248	5.09e-05	0.096	AACATATATAT
MA0386.2	SPT15	G3318_upstream_500bp	104	114	-	11.5248	5.09e-05	0.096	GTTATAAATAT
MA0386.2	SPT15	G4023_upstream_500bp	109	119	-	11.5248	5.09e-05	0.096	GCATTATATAT
MA0386.2	SPT15	G1939_upstream_500bp	222	232	-	11.5248	5.09e-05	0.096	AACATATATAT
MA0386.2	SPT15	G1209_upstream_500bp	299	309	+	11.5248	5.09e-05	0.096	GCATTATATAT
MA0386.2	SPT15	G5542_upstream_500bp	375	385	-	11.5248	5.09e-05	0.096	AACATATATAT
MA0386.2	SPT15	G4708_upstream_500bp	466	476	-	11.5248	5.09e-05	0.096	AACATATATAT
MA0386.2	SPT15	G4345_upstream_500bp	339	349	+	11.5149	5.14e-05	0.0962	CTTATATATAA
MA0386.2	SPT15	G4345_upstream_500bp	340	350	-	11.5149	5.14e-05	0.0962	CTTATATATAA
MA0386.2	SPT15	G3308_upstream_500bp	455	465	-	11.5149	5.14e-05	0.0962	CTTATATATAA
MA0386.2	SPT15	G4742_upstream_500bp	465	475	-	11.5149	5.14e-05	0.0962	CTTATATATAA
MA0386.2	SPT15	G1864_upstream_500bp	312	322	+	11.505	5.19e-05	0.0969	GATGTATATAT
MA0386.2	SPT15	G5445_upstream_500bp	401	411	+	11.4851	5.23e-05	0.0973	GCTATAAATAT
MA0386.2	SPT15	G922_upstream_500bp	418	428	+	11.4851	5.23e-05	0.0973	GCTATAAATAT
MA0386.2	SPT15	G297_upstream_500bp	17	27	-	11.4752	5.36e-05	0.0985	GATATATATGT
MA0386.2	SPT15	G182_upstream_500bp	153	163	-	11.4752	5.36e-05	0.0985	GATATATATGT
MA0386.2	SPT15	G2052_upstream_500bp	171	181	-	11.4752	5.36e-05	0.0985	GATATATATGT
MA0386.2	SPT15	G5542_upstream_500bp	374	384	+	11.4752	5.36e-05	0.0985	GATATATATGT
MA0386.2	SPT15	G5506_upstream_500bp	378	388	+	11.4752	5.36e-05	0.0985	GATATATATGT
MA0386.2	SPT15	G2187_upstream_500bp	463	473	+	11.4752	5.36e-05	0.0985	GGTAGATATAT
MA0386.2	SPT15	G4678_upstream_500bp	161	171	+	11.4653	5.5e-05	0.0995	ATTATATATAA
MA0386.2	SPT15	G4944_upstream_500bp	271	281	-	11.4653	5.5e-05	0.0995	ATTATATATAA
MA0386.2	SPT15	G1209_upstream_500bp	301	311	+	11.4653	5.5e-05	0.0995	ATTATATATAA
MA0386.2	SPT15	G1209_upstream_500bp	302	312	-	11.4653	5.5e-05	0.0995	ATTATATATAA
MA0386.2	SPT15	G2448_upstream_500bp	413	423	+	11.4653	5.5e-05	0.0995	GGCATATATAC
MA0386.2	SPT15	G673_upstream_500bp	433	443	-	11.4653	5.5e-05	0.0995	GGAATATAAAT
MA0386.2	SPT15	G4742_upstream_500bp	464	474	+	11.4653	5.5e-05	0.0995	ATTATATATAA
MA0386.2	SPT15	G4374_upstream_500bp	487	497	+	11.4653	5.5e-05	0.0995	ATTATATATAA
MA0386.2	SPT15	G3181_upstream_500bp	382	392	+	11.4257	5.56e-05	0.1	ACTATATATAA
MA0386.2	SPT15	G2248_upstream_500bp	58	68	+	11.396	5.61e-05	0.1	TGTATATATAA
MA0386.2	SPT15	G3715_upstream_500bp	106	116	+	11.396	5.61e-05	0.1	TGTATATATAA
MA0386.2	SPT15	G1864_upstream_500bp	314	324	+	11.396	5.61e-05	0.1	TGTATATATAA
MA0386.2	SPT15	G4118_upstream_500bp	391	401	-	11.396	5.61e-05	0.1	TGTATATATAA
MA0386.2	SPT15	G3710_upstream_500bp	456	466	+	11.396	5.61e-05	0.1	TGTATATATAA
MA0386.2	SPT15	G6046_upstream_500bp	161	171	-	11.3564	5.66e-05	0.101	CTCATATATAT
MA0386.2	SPT15	G2978_upstream_500bp	470	480	-	11.3564	5.66e-05	0.101	CTCATATATAT
MA0386.2	SPT15	G5836_upstream_500bp	51	61	+	11.3168	5.69e-05	0.101	CCCATATATAT
MA0386.2	SPT15	G370_upstream_500bp	80	90	+	11.3069	5.79e-05	0.101	ATCATATATAT
MA0386.2	SPT15	G4835_upstream_500bp	187	197	+	11.3069	5.79e-05	0.101	ATCATATATAT
MA0386.2	SPT15	G183_upstream_500bp	198	208	+	11.3069	5.79e-05	0.101	ATCATATATAT
MA0386.2	SPT15	G3716_upstream_500bp	243	253	+	11.3069	5.79e-05	0.101	ATCATATATAT
MA0386.2	SPT15	G3716_upstream_500bp	246	256	-	11.3069	5.79e-05	0.101	ATCATATATAT
MA0386.2	SPT15	G3348_upstream_500bp	298	308	+	11.3069	5.79e-05	0.101	GATAGATATAT
MA0386.2	SPT15	G5959_upstream_500bp	425	435	-	11.3069	5.79e-05	0.101	ATCATATATAT
MA0386.2	SPT15	G3208_upstream_500bp	464	474	-	11.3069	5.79e-05	0.101	ATCATATATAT
MA0386.2	SPT15	G3509_upstream_500bp	265	275	+	11.297	5.89e-05	0.102	GAAATATAAAT
MA0386.2	SPT15	G2389_upstream_500bp	262	272	-	11.297	5.89e-05	0.102	GAAATATAAAT
MA0386.2	SPT15	G3566_upstream_500bp	404	414	-	11.297	5.89e-05	0.102	GAAATATAAAT
MA0386.2	SPT15	G5081_upstream_500bp	4	14	+	11.2871	5.98e-05	0.103	GTTGTATATAT
MA0386.2	SPT15	G3342_upstream_500bp	5	15	+	11.2871	5.98e-05	0.103	GGTATATATTA
MA0386.2	SPT15	G5660_upstream_500bp	196	206	-	11.2871	5.98e-05	0.103	GTTGTATATAT
MA0386.2	SPT15	G5660_upstream_500bp	327	337	-	11.2871	5.98e-05	0.103	GTTGTATATAT
MA0386.2	SPT15	G5187_upstream_500bp	385	395	+	11.2871	5.98e-05	0.103	GGTATATATTA
MA0386.2	SPT15	G6003_upstream_500bp	320	330	-	11.2673	6.02e-05	0.104	ACCATATATAT
MA0386.2	SPT15	G3868_upstream_500bp	212	222	+	11.2574	6.07e-05	0.104	GTTATATATGT
MA0386.2	SPT15	G1039_upstream_500bp	439	449	+	11.2574	6.07e-05	0.104	GTTATATATGT
MA0386.2	SPT15	G3233_upstream_500bp	465	475	+	11.2574	6.07e-05	0.104	GTTATATATGT
MA0386.2	SPT15	G2860_upstream_500bp	53	63	-	11.2376	6.19e-05	0.104	GGAATAAATAT
MA0386.2	SPT15	G4566_upstream_500bp	157	167	+	11.2376	6.19e-05	0.104	TGCATATATAT
MA0386.2	SPT15	G3091_upstream_500bp	379	389	+	11.2376	6.19e-05	0.104	GGAATAAATAT
MA0386.2	SPT15	G4837_upstream_500bp	455	465	+	11.2376	6.19e-05	0.104	TGCATATATAT
MA0386.2	SPT15	G2520_upstream_500bp	460	470	+	11.2376	6.19e-05	0.104	TGCATATATAT
MA0386.2	SPT15	G5836_upstream_500bp	40	50	-	11.2277	6.3e-05	0.104	TATATATATAA
MA0386.2	SPT15	G4903_upstream_500bp	82	92	-	11.2277	6.3e-05	0.104	TATATATATAA
MA0386.2	SPT15	G1461_upstream_500bp	163	173	-	11.2277	6.3e-05	0.104	TATATATATAA
MA0386.2	SPT15	G1272_upstream_500bp	213	223	-	11.2277	6.3e-05	0.104	CGAATATATAA
MA0386.2	SPT15	G5450_upstream_500bp	227	237	+	11.2277	6.3e-05	0.104	TATATATATAA
MA0386.2	SPT15	G1939_upstream_500bp	218	228	-	11.2277	6.3e-05	0.104	TATATATATAA
MA0386.2	SPT15	G5450_upstream_500bp	222	232	-	11.2277	6.3e-05	0.104	TATATATATAA
MA0386.2	SPT15	G4637_upstream_500bp	238	248	+	11.2277	6.3e-05	0.104	TATATATATAA
MA0386.2	SPT15	G5187_upstream_500bp	394	404	+	11.2277	6.3e-05	0.104	TATATATATAA
MA0386.2	SPT15	G5187_upstream_500bp	393	403	-	11.2277	6.3e-05	0.104	TATATATATAA
MA0386.2	SPT15	G4118_upstream_500bp	413	423	+	11.2277	6.3e-05	0.104	TATATATATAA
MA0386.2	SPT15	G3886_upstream_500bp	422	432	-	11.2277	6.3e-05	0.104	TATATATATAA
MA0386.2	SPT15	G2520_upstream_500bp	464	474	+	11.2277	6.3e-05	0.104	TATATATATAA
MA0386.2	SPT15	G2229_upstream_500bp	30	40	-	11.2178	6.34e-05	0.104	GCTATATATGT
MA0386.2	SPT15	G3241_upstream_500bp	242	252	+	11.2178	6.34e-05	0.104	GCTATATATGT
MA0386.2	SPT15	G3243_upstream_500bp	424	434	-	11.2178	6.34e-05	0.104	GCTATATATGT
MA0386.2	SPT15	G2961_upstream_500bp	149	159	-	11.1782	6.43e-05	0.105	AGAATATATAA
MA0386.2	SPT15	G1980_upstream_500bp	469	479	-	11.1782	6.43e-05	0.105	AGAATATATAA
MA0386.2	SPT15	G1490_upstream_500bp	480	490	+	11.1782	6.43e-05	0.105	AGAATATATAA
MA0386.2	SPT15	G2266_upstream_500bp	378	388	+	11.1584	6.48e-05	0.106	AGTATATATAG
MA0386.2	SPT15	G4200_upstream_500bp	49	59	-	11.1287	6.52e-05	0.106	GGCATATATTT
MA0386.2	SPT15	G2256_upstream_500bp	112	122	-	11.1188	6.57e-05	0.106	GATATATATTA
MA0386.2	SPT15	G3225_upstream_500bp	269	279	+	11.1188	6.57e-05	0.106	GATATATATTA
MA0386.2	SPT15	G1003_upstream_500bp	350	360	+	11.1188	6.57e-05	0.106	GATATATATTA
MA0386.2	SPT15	G1285_upstream_500bp	363	373	+	11.1188	6.57e-05	0.106	GATATATATTA
MA0386.2	SPT15	G400_upstream_500bp	364	374	-	11.1188	6.57e-05	0.106	GATATATATTA
MA0386.2	SPT15	G1975_upstream_500bp	372	382	-	11.1188	6.57e-05	0.106	GATATATATTA
MA0386.2	SPT15	G2584_upstream_500bp	489	499	-	11.0891	6.62e-05	0.106	GTTAGATATAT
MA0386.2	SPT15	G4086_upstream_500bp	186	196	+	11.0792	6.71e-05	0.106	GTAATATAAAT
MA0386.2	SPT15	G4629_upstream_500bp	194	204	+	11.0792	6.71e-05	0.106	GTAATATAAAT
MA0386.2	SPT15	G3971_upstream_500bp	293	303	-	11.0792	6.71e-05	0.106	GTAATATAAAT
MA0386.2	SPT15	G902_upstream_500bp	328	338	+	11.0792	6.71e-05	0.106	GTAATATAAAT
MA0386.2	SPT15	G67_upstream_500bp	355	365	-	11.0792	6.71e-05	0.106	GTAATATAAAT
MA0386.2	SPT15	G2126_upstream_500bp	472	482	+	11.0792	6.71e-05	0.106	GTAATATAAAT
MA0386.2	SPT15	G1094_upstream_500bp	23	33	+	11.0693	6.82e-05	0.106	GAAATAAATAT
MA0386.2	SPT15	G1284_upstream_500bp	29	39	-	11.0693	6.82e-05	0.106	TACATATATAT
MA0386.2	SPT15	G4903_upstream_500bp	91	101	+	11.0693	6.82e-05	0.106	TACATATATAT
MA0386.2	SPT15	G27_upstream_500bp	187	197	-	11.0693	6.82e-05	0.106	TACATATATAT
MA0386.2	SPT15	G920_upstream_500bp	202	212	-	11.0693	6.82e-05	0.106	TACATATATAT
MA0386.2	SPT15	G3010_upstream_500bp	218	228	-	11.0693	6.82e-05	0.106	TACATATATAT
MA0386.2	SPT15	G5425_upstream_500bp	244	254	-	11.0693	6.82e-05	0.106	TACATATATAT
MA0386.2	SPT15	G1093_upstream_500bp	250	260	-	11.0693	6.82e-05	0.106	GAAATAAATAT
MA0386.2	SPT15	G1283_upstream_500bp	316	326	+	11.0693	6.82e-05	0.106	TACATATATAT
MA0386.2	SPT15	G3977_upstream_500bp	360	370	-	11.0693	6.82e-05	0.106	TACATATATAT
MA0386.2	SPT15	G4708_upstream_500bp	376	386	+	11.0693	6.82e-05	0.106	TACATATATAT
MA0386.2	SPT15	G101_upstream_500bp	408	418	+	11.0693	6.82e-05	0.106	TACATATATAT
MA0386.2	SPT15	G2906_upstream_500bp	429	439	-	11.0693	6.82e-05	0.106	TACATATATAT
MA0386.2	SPT15	G4220_upstream_500bp	467	477	+	11.0693	6.82e-05	0.106	TACATATATAT
MA0386.2	SPT15	G6004_upstream_500bp	481	491	-	11.0693	6.82e-05	0.106	TACATATATAT
MA0386.2	SPT15	G3252_upstream_500bp	213	223	-	11.0594	6.87e-05	0.106	CAAATATATAA
MA0386.2	SPT15	G80_upstream_500bp	270	280	+	11.0594	6.87e-05	0.106	CAAATATATAA
MA0386.2	SPT15	G2588_upstream_500bp	475	485	+	11.0594	6.87e-05	0.106	CAAATATATAA
MA0386.2	SPT15	G4818_upstream_500bp	19	29	+	11.0495	6.91e-05	0.107	GCTAGATATAT
MA0386.2	SPT15	G4241_upstream_500bp	400	410	-	11.0396	7.03e-05	0.107	GCAATATAAAT
MA0386.2	SPT15	G3992_upstream_500bp	422	432	-	11.0396	7.03e-05	0.107	GCAATATAAAT
MA0386.2	SPT15	G3565_upstream_500bp	466	476	-	11.0396	7.03e-05	0.107	GCCATATATAC
MA0386.2	SPT15	G593_upstream_500bp	52	62	-	11.0099	7.16e-05	0.107	AAAATATATAA
MA0386.2	SPT15	G1029_upstream_500bp	62	72	+	11.0099	7.16e-05	0.107	AAAATATATAA
MA0386.2	SPT15	G4678_upstream_500bp	162	172	-	11.0099	7.16e-05	0.107	TTTATATATAA
MA0386.2	SPT15	G4220_upstream_500bp	182	192	+	11.0099	7.16e-05	0.107	TTTATATATAA
MA0386.2	SPT15	G4220_upstream_500bp	183	193	-	11.0099	7.16e-05	0.107	TTTATATATAA
MA0386.2	SPT15	G4440_upstream_500bp	224	234	-	11.0099	7.16e-05	0.107	AAAATATATAA
MA0386.2	SPT15	G474_upstream_500bp	240	250	-	11.0099	7.16e-05	0.107	AAAATATATAA
MA0386.2	SPT15	G4944_upstream_500bp	270	280	+	11.0099	7.16e-05	0.107	TTTATATATAA
MA0386.2	SPT15	G1049_upstream_500bp	291	301	+	11.0099	7.16e-05	0.107	AAAATATATAA
MA0386.2	SPT15	G3992_upstream_500bp	311	321	+	11.0099	7.16e-05	0.107	AAAATATATAA
MA0386.2	SPT15	G2682_upstream_500bp	334	344	+	11.0099	7.16e-05	0.107	AAAATATATAA
MA0386.2	SPT15	G229_upstream_500bp	360	370	+	11.0099	7.16e-05	0.107	AAAATATATAA
MA0386.2	SPT15	G2646_upstream_500bp	369	379	-	11.0099	7.16e-05	0.107	AAAATATATAA
MA0386.2	SPT15	G1274_upstream_500bp	418	428	+	11.0099	7.16e-05	0.107	AAAATATATAA
MA0386.2	SPT15	G4651_upstream_500bp	442	452	+	11.0099	7.16e-05	0.107	AAAATATATAA
MA0386.2	SPT15	G3308_upstream_500bp	454	464	+	11.0099	7.16e-05	0.107	TTTATATATAA
MA0386.2	SPT15	G618_upstream_500bp	466	476	+	11.0099	7.16e-05	0.107	AAAATATATAA
MA0386.2	SPT15	G2221_upstream_500bp	480	490	+	11.0099	7.16e-05	0.107	AAAATATATAA
MA0386.2	SPT15	G4374_upstream_500bp	488	498	-	11.0099	7.16e-05	0.107	TTTATATATAA
MA0386.2	SPT15	G3886_upstream_500bp	426	436	-	11	7.2e-05	0.107	GGAGTATATAT
MA0386.2	SPT15	G1094_upstream_500bp	29	39	+	10.9901	7.25e-05	0.107	AATATATATAG
MA0386.2	SPT15	G3379_upstream_500bp	69	79	+	10.9901	7.25e-05	0.107	AATATATATAG
MA0386.2	SPT15	G683_upstream_500bp	64	74	-	10.9901	7.25e-05	0.107	AATATATATAG
MA0386.2	SPT15	G873_upstream_500bp	236	246	-	10.9901	7.25e-05	0.107	AATATATATAG
MA0386.2	SPT15	G1093_upstream_500bp	244	254	-	10.9901	7.25e-05	0.107	AATATATATAG
MA0386.2	SPT15	G2061_upstream_500bp	328	338	+	10.9901	7.25e-05	0.107	AATATATATAG
MA0386.2	SPT15	G660_upstream_500bp	251	261	-	10.9703	7.39e-05	0.108	GGTATATTTAT
MA0386.2	SPT15	G3454_upstream_500bp	289	299	-	10.9703	7.39e-05	0.108	GGAATATATGT
MA0386.2	SPT15	G3040_upstream_500bp	310	320	+	10.9703	7.39e-05	0.108	GGTATATTTAT
MA0386.2	SPT15	G6063_upstream_500bp	380	390	+	10.9703	7.39e-05	0.108	TCTATATATAA
MA0386.2	SPT15	G2489_upstream_500bp	219	229	+	10.901	7.49e-05	0.109	GTTATATATTA
MA0386.2	SPT15	G1835_upstream_500bp	230	240	-	10.901	7.49e-05	0.109	GTTATATATTA
MA0386.2	SPT15	G1413_upstream_500bp	380	390	-	10.901	7.49e-05	0.109	GTTATATATTA
MA0386.2	SPT15	G556_upstream_500bp	172	182	+	10.8515	7.65e-05	0.11	TTCATATATAT
MA0386.2	SPT15	G3211_upstream_500bp	287	297	-	10.8515	7.65e-05	0.11	GTAATAAATAT
MA0386.2	SPT15	G2448_upstream_500bp	307	317	+	10.8515	7.65e-05	0.11	GTAATAAATAT
MA0386.2	SPT15	G193_upstream_500bp	333	343	-	10.8515	7.65e-05	0.11	GTAATAAATAT
MA0386.2	SPT15	G3977_upstream_500bp	357	367	+	10.8515	7.65e-05	0.11	TTCATATATAT
MA0386.2	SPT15	G3298_upstream_500bp	160	170	-	10.8317	7.75e-05	0.111	GAAGTATATAT
MA0386.2	SPT15	G1058_upstream_500bp	286	296	-	10.8317	7.75e-05	0.111	GAAGTATATAT
MA0386.2	SPT15	G263_upstream_500bp	22	32	-	10.8119	7.88e-05	0.112	GCAATAAATAT
MA0386.2	SPT15	G2892_upstream_500bp	132	142	+	10.8119	7.88e-05	0.112	GCAATAAATAT
MA0386.2	SPT15	G3471_upstream_500bp	170	180	+	10.8119	7.88e-05	0.112	GCAATAAATAT
MA0386.2	SPT15	G1039_upstream_500bp	245	255	-	10.8119	7.88e-05	0.112	TCCATATATAT
MA0386.2	SPT15	G4246_upstream_500bp	395	405	+	10.8119	7.88e-05	0.112	GCAATAAATAT
MA0386.2	SPT15	G5329_upstream_500bp	390	400	-	10.8119	7.88e-05	0.112	TCCATATATAT
MA0386.2	SPT15	G3726_upstream_500bp	9	19	+	10.802	8.11e-05	0.114	CCAATATATAA
MA0386.2	SPT15	G2922_upstream_500bp	12	22	-	10.802	8.11e-05	0.114	GATATATTTAT
MA0386.2	SPT15	G1188_upstream_500bp	69	79	-	10.802	8.11e-05	0.114	GATATATTTAT
MA0386.2	SPT15	G1710_upstream_500bp	226	236	-	10.802	8.11e-05	0.114	GATATATTTAT
MA0386.2	SPT15	G643_upstream_500bp	242	252	-	10.802	8.11e-05	0.114	GAAATATATGT
MA0386.2	SPT15	G3859_upstream_500bp	305	315	-	10.802	8.11e-05	0.114	GGTTTATATAA
MA0386.2	SPT15	G3406_upstream_500bp	106	116	+	10.7921	8.18e-05	0.115	ATAATATATAA
MA0386.2	SPT15	G69_upstream_500bp	107	117	+	10.7921	8.18e-05	0.115	ATAATATATAA
MA0386.2	SPT15	G3379_upstream_500bp	170	180	+	10.7921	8.18e-05	0.115	ATAATATATAA
MA0386.2	SPT15	G67_upstream_500bp	233	243	-	10.7921	8.18e-05	0.115	ATAATATATAA
MA0386.2	SPT15	G198_upstream_500bp	288	298	-	10.7921	8.18e-05	0.115	ATAATATATAA
MA0386.2	SPT15	G6063_upstream_500bp	381	391	-	10.7723	8.27e-05	0.115	ATTATATATAG
MA0386.2	SPT15	G3181_upstream_500bp	383	393	-	10.7723	8.27e-05	0.115	ATTATATATAG
MA0386.2	SPT15	G4018_upstream_500bp	469	479	+	10.7723	8.27e-05	0.115	ATTATATATAG
MA0386.2	SPT15	G211_upstream_500bp	278	288	-	10.7525	8.32e-05	0.116	ACAATATATAA
MA0386.2	SPT15	G5368_upstream_500bp	402	412	-	10.7426	8.37e-05	0.116	GTCATATATTT
MA0386.2	SPT15	G5578_upstream_500bp	361	371	-	10.7228	8.5e-05	0.118	TGAATATATAA
MA0386.2	SPT15	G4805_upstream_500bp	47	57	-	10.703	8.59e-05	0.118	TGTATATATAG
MA0386.2	SPT15	G1792_upstream_500bp	142	152	-	10.703	8.59e-05	0.118	TGTATATATAG
MA0386.2	SPT15	G5502_upstream_500bp	286	296	-	10.703	8.59e-05	0.118	TGTATATATAG
MA0386.2	SPT15	G5681_upstream_500bp	362	372	-	10.703	8.59e-05	0.118	TGTATATATAG
MA0386.2	SPT15	G5368_upstream_500bp	429	439	-	10.703	8.59e-05	0.118	TGTATATATAG
MA0386.2	SPT15	G4194_upstream_500bp	465	475	+	10.703	8.59e-05	0.118	TGTATATATAG
MA0386.2	SPT15	G3463_upstream_500bp	468	478	-	10.703	8.59e-05	0.118	GCCATATATTT
MA0386.2	SPT15	G1052_upstream_500bp	239	249	-	10.6436	8.62e-05	0.118	GGCTTATATAT
MA0386.2	SPT15	G4116_upstream_500bp	139	149	-	10.6337	8.72e-05	0.119	GAAAGATATAT
MA0386.2	SPT15	G3715_upstream_500bp	202	212	+	10.6337	8.72e-05	0.119	GATTTATATAA
MA0386.2	SPT15	G660_upstream_500bp	96	106	+	10.604	8.85e-05	0.121	CGTATATATAC
MA0386.2	SPT15	G3790_upstream_500bp	125	135	+	10.5842	8.99e-05	0.121	GTAATATATGT
MA0386.2	SPT15	G5985_upstream_500bp	170	180	-	10.5842	8.99e-05	0.121	GTTATATTTAT
MA0386.2	SPT15	G3284_upstream_500bp	180	190	-	10.5842	8.99e-05	0.121	GTTATATTTAT
MA0386.2	SPT15	G3211_upstream_500bp	284	294	+	10.5842	8.99e-05	0.121	GTTATATTTAT
MA0386.2	SPT15	G4815_upstream_500bp	276	286	-	10.5842	8.99e-05	0.121	GTTATATTTAT
MA0386.2	SPT15	G2899_upstream_500bp	285	295	-	10.5842	8.99e-05	0.121	GTAATATATGT
MA0386.2	SPT15	G2402_upstream_500bp	469	479	-	10.5842	8.99e-05	0.121	GTTATATTTAT
MA0386.2	SPT15	G4552_upstream_500bp	14	24	-	10.5743	9.02e-05	0.122	GCAGTATATAT
MA0386.2	SPT15	G344_upstream_500bp	465	475	+	10.5644	9.07e-05	0.122	GAGATATATAA
MA0386.2	SPT15	G2682_upstream_500bp	91	101	-	10.5545	9.18e-05	0.122	TAAATATATAA
MA0386.2	SPT15	G660_upstream_500bp	97	107	-	10.5545	9.18e-05	0.122	AGTATATATAC
MA0386.2	SPT15	G520_upstream_500bp	107	117	-	10.5545	9.18e-05	0.122	TAAATATATAA
MA0386.2	SPT15	G1184_upstream_500bp	120	130	+	10.5545	9.18e-05	0.122	AGTATATATAC
MA0386.2	SPT15	G3605_upstream_500bp	131	141	-	10.5545	9.18e-05	0.122	TAAATATATAA
MA0386.2	SPT15	G3561_upstream_500bp	202	212	-	10.5545	9.18e-05	0.122	TAAATATATAA
MA0386.2	SPT15	G1052_upstream_500bp	236	246	+	10.5545	9.18e-05	0.122	TAAATATATAA
MA0386.2	SPT15	G374_upstream_500bp	365	375	+	10.5545	9.18e-05	0.122	TAAATATATAA
MA0386.2	SPT15	G5329_upstream_500bp	378	388	+	10.5545	9.18e-05	0.122	TAAATATATAA
MA0386.2	SPT15	G3091_upstream_500bp	383	393	+	10.5545	9.18e-05	0.122	TAAATATATAA
MA0386.2	SPT15	G3837_upstream_500bp	56	66	+	10.5446	9.26e-05	0.122	GCTATATTTAT
MA0386.2	SPT15	G5276_upstream_500bp	339	349	-	10.5446	9.26e-05	0.122	GCTATATTTAT
MA0386.2	SPT15	G3861_upstream_500bp	380	390	-	10.5446	9.26e-05	0.122	GCTATATTTAT
MA0386.2	SPT15	G1213_upstream_500bp	196	206	+	10.5347	9.35e-05	0.123	TATATATATAG
MA0386.2	SPT15	G1508_upstream_500bp	305	315	+	10.5347	9.35e-05	0.123	TATATATATAG
MA0386.2	SPT15	G3271_upstream_500bp	309	319	+	10.5347	9.35e-05	0.123	TATATATATAG
MA0386.2	SPT15	G1509_upstream_500bp	397	407	-	10.5347	9.35e-05	0.123	TATATATATAG
MA0386.2	SPT15	G3886_upstream_500bp	436	446	-	10.4851	9.4e-05	0.123	AGAATATATAG
MA0386.2	SPT15	G344_upstream_500bp	468	478	-	10.4752	9.44e-05	0.124	GACTTATATAT
MA0386.2	SPT15	G618_upstream_500bp	469	479	-	10.4752	9.44e-05	0.124	GACTTATATAT
MA0386.2	SPT15	G3369_upstream_500bp	85	95	+	10.4455	9.5e-05	0.124	GAAATATATTA
MA0386.2	SPT15	G3591_upstream_500bp	288	298	-	10.4455	9.5e-05	0.124	GAAATATATTA
MA0386.2	SPT15	G4708_upstream_500bp	464	474	-	10.4356	9.54e-05	0.124	CATATATATAC
MA0386.2	SPT15	G5985_upstream_500bp	184	194	-	10.4257	9.59e-05	0.125	GATATATATTG
MA0386.2	SPT15	G3538_upstream_500bp	179	189	+	10.4158	9.69e-05	0.125	GTTTTATATAA
MA0386.2	SPT15	G3369_upstream_500bp	226	236	+	10.4158	9.69e-05	0.125	GTTTTATATAA
MA0386.2	SPT15	G2499_upstream_500bp	384	394	-	10.4158	9.69e-05	0.125	GTTTTATATAA
MA0386.2	SPT15	G2432_upstream_500bp	12	22	-	10.3861	9.78e-05	0.125	AATATATATAC
MA0386.2	SPT15	G2974_upstream_500bp	35	45	-	10.3861	9.78e-05	0.125	AATATATATAC
MA0386.2	SPT15	G3471_upstream_500bp	100	110	+	10.3861	9.78e-05	0.125	AATATATATAC
MA0386.2	SPT15	G4689_upstream_500bp	149	159	+	10.3861	9.78e-05	0.125	AATATATATAC
MA0386.2	SPT15	G5398_upstream_500bp	259	269	+	10.3861	9.78e-05	0.125	AATATATATAC
MA0386.2	SPT15	G1869_upstream_500bp	301	311	-	10.3861	9.78e-05	0.125	AATATATATAC
MA0386.2	SPT15	G1057_upstream_500bp	358	368	+	10.3861	9.78e-05	0.125	AATATATATAC
MA0386.2	SPT15	G2251_upstream_500bp	366	376	+	10.3861	9.78e-05	0.125	AATATATATAC
MA0386.2	SPT15	G3994_upstream_500bp	426	436	+	10.3861	9.78e-05	0.125	AATATATATAC
MA0386.2	SPT15	G3781_upstream_500bp	472	482	+	10.3861	9.78e-05	0.125	AATATATATAC
MA0386.2	SPT15	G5991_upstream_500bp	467	477	-	10.3861	9.78e-05	0.125	AATATATATAC
MA0386.2	SPT15	G4048_upstream_500bp	3	13	+	10.3762	9.86e-05	0.125	GCTTTATATAA
MA0386.2	SPT15	G4174_upstream_500bp	21	31	-	10.3762	9.86e-05	0.125	GCTTTATATAA
MA0386.2	SPT15	G3656_upstream_500bp	170	180	+	10.3762	9.86e-05	0.125	GCAAGATATAT
MA0386.2	SPT15	G1366_upstream_500bp	160	170	-	10.3762	9.86e-05	0.125	GCTTTATATAA
MA0386.2	SPT15	G3679_upstream_500bp	42	52	+	10.3663	9.91e-05	0.125	CAAATATATAG
MA0386.2	SPT15	G4039_upstream_500bp	75	85	+	10.3663	9.91e-05	0.125	CAAATATATAG
MA0386.2	SPT15	G3803_upstream_500bp	419	429	+	10.3465	9.95e-05	0.126	GTGATATATAA

# FIMO (Find Individual Motif Occurrences): Version 5.5.8 compiled on Jul 18 2025 at 16:18:34
# The format of this file is described at https://meme-suite.org/meme/doc/fimo-output-format.html#tsv_results.
# fimo --oc . --verbosity 1 --bgfile --nrdb-- --thresh 1.0E-4 MA0386.2.meme genotype_antisense_upstream.fasta
